index,bbox_x,bbox_y,bbox_w,bbox_h,minArea_w,minArea_h,minArea_angle,used_fallback,warp_ok
0,160,43,728,47,45.82187271118164,726.901611328125,90.0,True,False
1,208,156,765,57,53.838661193847656,763.8914794921875,89.76667022705078,True,True
2,167,252,642,81,77.88634490966797,641.8316650390625,89.24614715576172,True,True
3,143,379,854,525,852.4468383789062,524.8687744140625,0.0,False,True
4,145,940,850,182,846.33203125,180.53367614746094,1.9091498851776123,False,True
5,154,1132,645,138,129.6752471923828,642.0428466796875,88.53118133544922,False,True
